"";"author_list";"title";"journal";"year";"language";"language_comments";"evidence_point_ID";"country";"country_comments";"locality";"coordinates_N";"coordinates_E";"year_start";"year_end";"elevation";"elevation_DEM";"study_design";"study_design_comments";"experimental_design";"study_method";"study_method_comments";"exposure_quantification";"exposure_quantification_comments";"additional_exposures";"additional_treatments_comments";"extent_of_spatial_scale";"spatial_resolution_recorded";"spatial_resolution_reported";"extent_of_temporal_scale";"temporal_resolution";"redundancy";"biological_organization_level_recorded";"biological_organization_recorded_comments";"biological_organization_level_reported";"biological_organization_reported_comments";"identity_of_biological_organization_unit";"management_plant";"conservation_plant";"conservation_plant_comments";"measured_response_variable";"measured_response_comments";"herbivore_identity";"herbivore_type";"herbivore_type_comments";"herbivory_season";"herbivory_season_comment";"effect_type";"effect_type_comments";"management_herbivore";"management_herbivore_comments";"conservation_herbivore";"conservation_herbivore_comments";"management";"management_area";"conservation_study_area";"conservation_study_area_comment";"distance_to_treeline";"temperature";"temperature_measure";"precipitation";"precipitation_measure";"climate_axis_1";"climate_axis_2";"climate_axis_3";"growing_season";"distance_from_coast";"bioclimatic_zone";"soil_type.";"productivity";"productivity_P";"recent_warming";"recent_greening";"extent_of_recent_growing_season_change";"herbivore_diversity";"habitat_type_P";"habitat_type_C";"disturbance";"disturbance_comment";"permafrost";"food_web_context_other_herbivores";"food_web_context_predators";"conservation_focus";"comment";"coding.person";"coding.checked";"coords.x1";"coords.x2";"optional"
"44";"Egelkraut, Aronsson, Allard, Åkerholm, Stark, Olofsson";"Multiple Feedbacks Contribute to a Centennial Legacy of Reindeer on Tundra Vegetation";"Ecosystems";2018;"english";NA;"44_a";"Sweden";NA;"Padjelanta";67,3737;16,7113;"2013";"2013";"634_731";NA;"quasi-experimental";NA;"control-impact";"field";NA;"spatial contrast/gradient";NA;"none";NA;"1x1 km or less";"from  1x1 m to 10x10 m (including 10x10m)";"from  1x1 m to 10x10 m (including 10x10m)";"1";"once";"not redundant";"population/species";NA;"several";"population/species, groups of species";"Salix_spp, Betula_nana, graminoids, forbs, evergreen_dwarf_shrubs, deciduous_dwarf_shrubs, pteridophytes, bryophytes";"not reported";"not reported";NA;"several";"biomass, direct signs of herbivory, community composition";"Rangifer_tarandus, Lagopus_lagopus, Lagopus_muta, Lemmus_lemmus, Myodes_rufocanus, Lepus_timidus, Alces_alces";"several";"other vertebrates, small rodents and pikas";"not reported";NA;"several";"removal of plant parts, fertilizing, disturbance";"semi-domesticated";NA;"no concern";NA;"managed herbivore";"historical";"protected area";NA;NA;"0.5";"annual_mean";"968";"annual_mean";NA;NA;NA;NA;NA;NA;NA;NA;"not reported";NA;NA;NA;NA;"graminoid_tundra, shrub_tundra";NA;"other herbivory";NA;NA;"quantified in the study";"not reported";"not reported";"Recoded to one evidence point -- previously separated based on response variables. Spatial contrast between historical milking grounds vs ""representative tundra""";"Bernice Hwang";"Eeva Soininen, Isabel C Barrio";721623,637599543;-2403574,47690913;TRUE
"45";"Egelkraut, Kardol, De Long, Olofsson";"The role of plant–soil feedbacks in stabilizing a reindeer-induced vegetation shift in subarctic tundra";"Functional Ecology";2017;"english";NA;"45_a";"Sweden";NA;"Padjelanta";67,281525;16,638431;"2015";"2015";"not reported";NA;"experimental";NA;"control-impact";"greenhouse";NA;"spatial contrast/gradient";NA;"none";NA;"not relevant";"not relevant";"not relevant";"1";"once";"not redundant";"population/species";NA;"population/species";NA;"Betula_nana, Potentilla_crantzii";"not reported";"not reported";NA;"biomass";NA;"Rangifer_tarandus";"other vertebrates";NA;"not reported";NA;"fertilizing";NA;"semi-domesticated";NA;"no concern";NA;"not reported";"historical";"protected area";NA;NA;"15";"growing_season_mean";"not reported";"not reported";NA;NA;NA;NA;NA;NA;NA;NA;"limited_productivity_soils, fertile_productivity_soils";NA;NA;NA;NA;"heath, shrubland";NA;"not reported";NA;NA;"not reported";"not reported";"not reported";"greenhouse study on plants growing on herbivore-affected soil";"Bernice Hwang";"Eeva Soininen, Isabel C Barrio";721452,242180319;-2414147,7373701;TRUE
"299";"Vowles, Gunnarsson, Molau, Hickler, Klemedtsson, Bjork";"Expansion of deciduous tall shrubs but not evergreen dwarf shrubs inhibited by reindeer in Scandes mountain range";"Journal of Ecology";2017;"English";NA;"299_a";"Sweden";NA;"Ritsem";67,766667;17,533333;"1995";"2011";"800";NA;"experimental";NA;"control-impact";"field";NA;"exclosure";NA;"none";NA;"1x1 km or less";"up to  1x1 m (including 1x1 m)";"up to  1x1 m (including 1x1 m)";"17";"irregular with intervals longer than a year";"not redundant";"population/species";NA;"groups of species";NA;"prostrate_evergreen_shrubs, dwarf_evergreen_shrubs, tall_evergreen_shrubs, prostrate_decidious_shrubs, dwarf_decidious_shrubs, tall_decidious_shrubs, graminoids, forbs, lichens, mosses";"not reported";"not reported";NA;"several";"cover, morphological measure, diversity";"Rangifer_tarandus, Alces_alces";"other vertebrates";NA;"several";"spring, summer, autumn";"removal of plant parts";NA;"several";"semi-domesticated, non-managed";"no concern";NA;"managed herbivore";"not reported";"not reported";NA;NA;"not reported";"not reported";"510";"annual_mean";NA;NA;NA;NA;NA;NA;NA;NA;"not reported";NA;NA;NA;NA;"shrub_heath";NA;"not reported";NA;NA;"not reported";"not reported";"not reported";"Include only the Ritsem site, which is reported as shrub heath (other sites too far south or in birch forest)";"Megan Wilcots";"Eeva Soininen, Isabel C Barrio";743081,249307688;-2351980,58977596;TRUE
"300";"Vowles, Lovehav, Molau, Bjork";"Contrasting impacts of reindeer grazing in two tundra grasslands";"Environmental Research Letters";2017;"english";NA;"300_a";"Sweden";NA;"Ritsem";67,82416667;17,71527778;"1995";"2012";"820";NA;"experimental";NA;"control-impact";"field";NA;"exclosure";NA;"none";NA;"1x1 km or less";"up to  1x1 m (including 1x1 m)";"from 10x10 m to 100x100 m (including 100x100 m)";"18";"irregular with intervals longer than a year";"not redundant";"groups of species";"growth forms further subdividing shrubs based on height and evergreen/deciduous";"groups of species";NA;"prostrate_evergreen_shrubs, dwarf_evergreen_shrubs, tall_evergreen_shrubs, prostrate_decidious_shrubs, dwarf_decidious_shrubs, tall_decidious_shrubs, graminoids, forbs, lichens, mosses";"not reported";"not reported";NA;"cover";NA;"Rangifer_tarandus";"other vertebrates";NA;"summer";NA;"not reported";NA;"semi-domesticated";NA;"not reported";NA;"managed herbivore";"current";"not reported";NA;NA;"-0.1";"annual_mean";"not reported";"not reported";NA;NA;NA;NA;NA;NA;NA;NA;"not reported";NA;NA;NA;NA;"low_herb_and_graminoid_meadow";NA;"not reported";NA;NA;"mentioned";"not reported";"not reported";"There were two sites in this study, only one (Ritsem) is included here because of the coordinates of the other fell outside our definition of Arctic. For management_area it is a reindeer grazing area, but they only comment on current grazing (during the study period) and do not explicitly refer to long-term grazing, so I just say ""current"" :) For temporal resolution they estimated vegetation cover three times: before fences were set up, after four years, and after 18 years (the last measurement is the new data presented in this study). Habitat details: low herb meadow dominated by graminoids such as
Deschampsia cespitosa, Carex aquatilis and D.
flexuosa, along with forb species including Viola
biflora, Thalictrum alpinum, and Saussurea alpina.
Betula nana and Salix spp. make up the tall shrub
layer. The bottom layer is mainly made up of mosses

such as Hylocomium splendens and Pleurozium

schreberi (text from authors)";"Isabel C Barrio";"Eeva Soininen";748631,371990445;-2343614,34889221;TRUE
"614";"Speed, Martinsen, Hester, Holand, Mulder, Mysterud, Austrheim";"Continuous and discontinuous variation in ecosystem carbon stocks with elevation across a treeline ecotone";"Biogeosciences";2015;"english";NA;"614_a";"Norway";NA;"Hol";60,7;7,95;"2012";"2013";"970_1300";NA;"experimental";NA;"control-impact";"field";NA;"enclosure";NA;"other";"altitude";"from 1x1 km to 10x10 km";"up to  1x1 m (including 1x1 m)";"up to  1x1 m (including 1x1 m)";"2";"annual";"not redundant";"population/species";NA;"population/species";NA;"Avenella_flexuosa, Anthoxanthum_odoratum, Nardus_stricta";"not reported";"not reported";NA;"several";"other abundance measure, biomass";"Ovis_aries";"other vertebrates";NA;"summer";NA;"not reported";NA;"domesticated";NA;"no concern";NA;"managed herbivore";"current";"not reported";NA;NA;"not reported";"not reported";"not reported";"not reported";NA;NA;NA;NA;NA;NA;NA;NA;"not reported";NA;NA;NA;NA;"open_alpine_ecosystems";NA;"not reported";NA;NA;"not reported";"not reported";"not reported";"alpine ecosystem in south Norway, study started in 2002. not a complete plant species list?";"Nigel Yoccoz";"Eeva Soininen";447349,231159309;-3203336,1415939;TRUE
"852...124";"Cohen, Pulliainen, Menard, Johansen, Oksanen, Luojus, Ikonen";"Effect of reindeer grazing on snowmelt, albedo and energy balance based on satellite data analyses";"Remote Sensing of Environment";2013;"english";NA;"852_b";"several";"Norway and Finland";"Kautokeino_Näkkälä";68,75;24,25;"2000";"2011";"300_500";NA;"quasi-experimental";NA;"control-impact";"remote sensing";NA;"fence";NA;"none";NA;"from 10x10 km to 100x100 km";"from 100x100 m to 1000x1000 m (including 1000x1000m)";"larger than 1000x1000 m";"12";"regular with intervals shorter than a year";"not redundant";"community";NA;"community";NA;"bilberry_grass_heath, birch_woodland, mire, alpine_ridges_and_block_field, heath_ridge, lichen_heath";"managed grazing";"other";"Lichens are rare in reindeer grazed areas";"NDVI or other vegetation indices";NA;"Rangifer_tarandus";"other vertebrates";NA;"several";"year-round, spring, autumn, winter";"removal of plant parts";NA;"semi-domesticated";NA;"no concern";NA;"managed herbivore";"historical and current";"rare habitat";NA;NA;"2, -15_13";"annual_mean, range_of_monthly_means";"300_400";"annual_sum";NA;NA;NA;NA;NA;NA;NA;NA;"primarily_low-productivity";NA;NA;NA;NA;"tundra";NA;"not reported";NA;NA;"not reported";"not reported";"not reported";NA;"Jeppe Å. Kristensen";"Eeva Soininen";968828,591765288;-2150719,72246459;TRUE
"888...149";"Kotanen, Abraham";"Decadal changes in vegetation of a subarctic salt marsh used by lesser snow and Canada";"Plant Ecology";2013;"english";NA;"888_a";"Canada";NA;"Lumsden River";53,198;-81,604667;"1998";"2008";"11";NA;"observational";NA;"before-after";"field";NA;"spatial contrast/gradient";NA;"none";NA;"from 1x1 km to 10x10 km";"from 10x10 m to 100x100 m (including 100x100 m)";"from 10x10 m to 100x100 m (including 100x100 m)";"11";"twice, interval longer than one year";"not redundant";"population/species";NA;"population/species";NA;"Puccinellia_phyrganodes, Carex_subspathacea, Spergularia_spp, Salicornia_cf_borealis, Glaux_maritima, Festuca_rubra, Duponita_fisheri, Calamagrostis_spp, Heirocloöe_odorata, Carex_spp, Eleocharis_spp, Senecio_congestus, Konkenya_peploides, Hippuris_spp, Sheperdia_canadensis, Myrica_gale";"not reported";"not reported";NA;"biomass";NA;"Chen_caerulescens_caerulescens, Branta_canadensis_interior";"waterfowl";NA;"not reported";NA;"removal of plant parts";NA;"non-managed";NA;"no concern";NA;"not reported";"not reported";"not reported";NA;NA;"not reported";"not reported";"not reported";"not reported";NA;NA;NA;NA;NA;NA;NA;NA;"not reported";NA;NA;NA;NA;"subarctic_intertidal_marsh";NA;"other herbivory";NA;NA;"not reported";"not reported";"not reported";"Four transects (sites, evidence points), each from from lower end of intertidal zone to upper end of supratidal zone. Lumsden River in brood-rearing area, Thompson and Stitt rivers in snow goose colony, Ministik area little used by geese. Original abundance measure: direct biomass measurements for harvestsed transplants, estimated biomass by frequency of each species along 10 cm x 850-1550 m transects for unharvested communities. study on degradation of system with presence (not quantified) of geese over time from ocean to inland";"Bernice Hwang";"Eeva Soininen";-3991965,99897317;-589150,002327645;TRUE
"888...150";"Kotanen, Abraham";"Decadal changes in vegetation of a subarctic salt marsh used by lesser snow and Canada";"Plant Ecology";2013;"english";NA;"888_b";"Canada";NA;"Stitt River";53,211333;-81,301667;"1998";"2008";"11";NA;"observational";NA;"before-after";"field";NA;"spatial contrast/gradient";NA;"none";NA;"1x1 km or less";"from 10x10 m to 100x100 m (including 100x100 m)";"from 10x10 m to 100x100 m (including 100x100 m)";"11";"twice, interval longer than one year";"not redundant";"population/species";NA;"population/species";NA;"Puccinellia_phyrganodes, Carex_subspathacea, Spergularia_spp, Salicornia_cf_borealis, Glaux_maritima, Festuca_rubra, Duponita_fisheri, Calamagrostis_spp, Heirocloöe_odorata, Carex_spp, Eleocharis_spp, Senecio_congestus, Konkenya_peploides, Hippuris_spp, Sheperdia_canadensis, Myrica_gale";"not reported";"not reported";NA;"biomass";NA;"Chen_caerulescens_caerulescens, Branta_canadensis_interior";"waterfowl";NA;"not reported";NA;"removal of plant parts";NA;"non-managed";NA;"no concern";NA;"not reported";"not reported";"not reported";NA;NA;"not reported";"not reported";"not reported";"not reported";NA;NA;NA;NA;NA;NA;NA;NA;"not reported";NA;NA;NA;NA;"subarctic_intertidal_marsh";NA;"other herbivory";NA;NA;"not reported";"not reported";"not reported";"Four transects (sites, evidence points), each from from lower end of intertidal zone to upper end of supratidal zone. Lumsden River in brood-rearing area, Thompson and Stitt rivers in snow goose colony, Ministik area little used by geese. Original abundance measure: direct biomass measurements for harvestsed transplants, estimated biomass by frequency of each species along 10 cm x 850-1550 m transects for unharvested communities. study on degradation of system with presence (not quantified) of geese over time from ocean to inland";"Bernice Hwang";"Eeva Soininen";-3987402,70417413;-610039,626782671;TRUE
"888...151";"Kotanen, Abraham";"Decadal changes in vegetation of a subarctic salt marsh used by lesser snow and Canada";"Plant Ecology";2013;"english";NA;"888_c";"Canada";NA;"Minstik River";53,191167;-81,213833;"1998";"2008";"11";NA;"observational";NA;"before-after";"field";NA;"spatial contrast/gradient";NA;"none";NA;"1x1 km or less";"from 10x10 m to 100x100 m (including 100x100 m)";"from 10x10 m to 100x100 m (including 100x100 m)";"11";"twice, interval longer than one year";"not redundant";"population/species";NA;"population/species";NA;"Puccinellia_phyrganodes, Carex_subspathacea, Spergularia_spp, Salicornia_cf_borealis, Glaux_maritima, Festuca_rubra, Duponita_fisheri, Calamagrostis_spp, Heirocloöe_odorata, Carex_spp, Eleocharis_spp, Senecio_congestus, Konkenya_peploides, Hippuris_spp, Sheperdia_canadensis, Myrica_gale";"not reported";"not reported";NA;"biomass";NA;"Chen_caerulescens_caerulescens, Branta_canadensis_interior";"waterfowl";NA;"not reported";NA;"removal of plant parts";NA;"non-managed";NA;"no concern";NA;"not reported";"not reported";"not reported";NA;NA;"not reported";"not reported";"not reported";"not reported";NA;NA;NA;NA;NA;NA;NA;NA;"not reported";NA;NA;NA;NA;"subarctic_intertidal_marsh";NA;"other herbivory";NA;NA;"not reported";"not reported";"not reported";"Four transects (sites, evidence points), each from from lower end of intertidal zone to upper end of supratidal zone. Lumsden River in brood-rearing area, Thompson and Stitt rivers in snow goose colony, Ministik area little used by geese. Original abundance measure: direct biomass measurements for harvestsed transplants, estimated biomass by frequency of each species along 10 cm x 850-1550 m transects for unharvested communities. study on degradation of system with presence (not quantified) of geese over time from ocean to inland";"Bernice Hwang";"Eeva Soininen";-3988567,48384296;-616476,862863996;TRUE
"888...152";"Kotanen, Abraham";"Decadal changes in vegetation of a subarctic salt marsh used by lesser snow and Canada";"Plant Ecology";2013;"english";NA;"888_d";"Canada";NA;"Thomson River";53,199;-81,438167;"1998";"2008";"11";NA;"observational";NA;"before-after";"field";NA;"spatial contrast/gradient";NA;"none";NA;"from 1x1 km to 10x10 km";"from 10x10 m to 100x100 m (including 100x100 m)";"from 10x10 m to 100x100 m (including 100x100 m)";"11";"twice, interval longer than one year";"not redundant";"population/species";NA;"population/species";NA;"Puccinellia_phyrganodes, Carex_subspathacea, Spergularia_spp, Salicornia_cf_borealis, Glaux_maritima, Festuca_rubra, Duponita_fisheri, Calamagrostis_spp, Heirocloöe_odorata, Carex_spp, Eleocharis_spp, Senecio_congestus, Konkenya_peploides, Hippuris_spp, Sheperdia_canadensis, Myrica_gale";"not reported";"not reported";NA;"biomass";NA;"Chen_caerulescens_caerulescens, Branta_canadensis_interior";"waterfowl";NA;"not reported";NA;"removal of plant parts";NA;"non-managed";NA;"no concern";NA;"not reported";"not reported";"not reported";NA;NA;"not reported";"not reported";"not reported";"not reported";NA;NA;NA;NA;NA;NA;NA;NA;"not reported";NA;NA;NA;NA;"subarctic_intertidal_marsh";NA;"other herbivory";NA;NA;"not reported";"not reported";"not reported";"Four transects (sites, evidence points), each from from lower end of intertidal zone to upper end of supratidal zone. Lumsden River in brood-rearing area, Thompson and Stitt rivers in snow goose colony, Ministik area little used by geese. Original abundance measure: direct biomass measurements for harvestsed transplants, estimated biomass by frequency of each species along 10 cm x 850-1550 m transects for unharvested communities. study on degradation of system with presence (not quantified) of geese over time from ocean to inland";"Bernice Hwang";"Eeva Soininen";-3990132,66405861;-600732,322568052;TRUE
"895";"Lindwalla, Vowles, Ekblad, Björk";"Reindeer grazing has contrasting effect on species traits inVacciniumvitis-idaeaL. andBistorta vivipara (L.) Gray";"Acta Oecologica";2013;"english";NA;"895_a";"Sweden";NA;"Ritsem";67,775;17,535;"2011";"2011";"840";NA;"experimental";NA;"control-impact";"field";NA;"exclosure";NA;"none";NA;"1x1 km or less";"up to  1x1 m (including 1x1 m)";"up to  1x1 m (including 1x1 m)";"1";"once";"not redundant";"population/species";NA;"population/species";NA;"Vaccinium_vitis-idaea, Bistorta_vivipara";NA;"not reported";NA;"biomass";NA;"Rangifer_tarandus";"other vertebrates";NA;"several";"spring, summer, autumn";"removal of plant parts";NA;"semi-domesticated";NA;"no concern";NA;"managed herbivore";"historical and current";"not reported";NA;NA;"-1";"annual_mean";"460";"annual";NA;NA;NA;NA;NA;NA;NA;NA;"not reported";NA;NA;NA;NA;"sub-arctic_dry_heath";NA;"other herbivory";NA;NA;"not reported";"not reported";"not reported";"Study area extent not reported, but considered to be below 1km*1km, as it is described as ""a subarctic heath"". B. Vivipara is prefered forage species, V. Vitis-idaea not preferred";"Bernice Hwang";"Eeva Soininen";742874,911773439;-2351089,37135324;TRUE
"1309";"Hofgaard, Lokken, Dalen, Hytteborn";"Comparing warming and grazing effects on birch growth in an alpine environment - a 10-year experiment";"Plant Ecology & Diversity";2010;"english";NA;"1309_a";"Norway";NA;"Dovre";62,3;9,616;"1999";"2008";"1090";NA;"experimental";NA;"control-impact";"field";NA;"exclosure";NA;"warming";NA;"1x1 km or less";"not relevant";"not relevant";"10";"irregular with intervals longer than a year";"not redundant";"individual";NA;"population/species";NA;"Betula_pubescens";"not reported";"not reported";NA;"morphological measure";NA;"Ovis_aries, Rangifer_tarandus, Lepus_timidus, Lagopus_spp, Microtus_spp, Clethrionomys_spp., Lemmus_lemmus, Alces_alces";"several";"other vertebrates, small rodents and pikas";"not reported";NA;"removal of plant parts";NA;"several";"domesticated, non-managed";"not relevant";NA;"managed herbivore";"not reported";"not reported";NA;NA;"-0.2, 9.9, -9.2";"annual_mean, warmest_month_mean, coldest_month_mean";"447";"annual_mean";NA;NA;NA;NA;NA;NA;NA;NA;"not reported";NA;NA;NA;NA;"forest_tundra_ecotone";NA;"not reported";NA;NA;"mentioned";"not reported";"not reported";"Measured response = morphological variables: growth-related variables: height, stem diameter, crown size, number of short and long shoots, total long shoot length, total leaf area";"Isabel C Barrio";"Isabel C Barrio";511423,266078069;-3018589,28420965;TRUE
"1426...109";"Kitti, Forbes, Oksanen";"Long- and short-term effects of reindeer grazing on tundra wetland vegetation";"Polar Biology";2009;"english";NA;"1426_a";"several";"Norway, Finland";"Jávrrešduottar";68,78333333;23,75694444;"1959";"2006";"450_510";NA;"quasi-experimental";NA;"control-impact";"field";NA;"fence";NA;"none";NA;"from 10x10 km to 100x100 km";"up to  1x1 m (including 1x1 m)";"up to  1x1 m (including 1x1 m)";"48";"once";"not redundant";"population/species";NA;"population/species";NA;"Carex_spp., Salix_spp., Eriophorum_angustifolium, Salix_lapponum";"not reported";"not reported";NA;"several";"cover, diversity, morphological measure, physiological response";"Rangifer_tarandus";"other vertebrates";NA;"several";"winter, year-round";"several";"removal of plant parts, disturbance";"semi-domesticated";NA;"not reported";NA;"managed herbivore";"historical and current";"not reported";NA;NA;"not reported";"not reported";"not reported";"not reported";NA;NA;NA;NA;NA;NA;NA;NA;"not reported";NA;NA;NA;NA;"wetland";NA;"not reported";NA;NA;"not reported";"not reported";"not reported";"Long-term grazing effects comparing either side of  the long-term fence between Finland (year-round) and Norway (winter pastures). Fence was established in the 1950s -- year start recorded here as 1959. Study was reported before as 7 evidence points based on response variables (4 for the long-term fence comparison, 3 for the short term exclosure comparison) --> recoded to 2 evidence points. Measured response: cover, diversity, morphological measure (height), physiological response (chemical analyses of plant nutrients and carbohydrates)";"Amanda Koltz";"Isabel C Barrio";948812,78020286;-2155632,29258369;TRUE
"1426...110";"Kitti, Forbes, Oksanen";"Long- and short-term effects of reindeer grazing on tundra wetland vegetation";"Polar Biology";2009;"english";NA;"1426_e";"Finland";NA;"Jávrrešduottar";68,78333333;23,75694444;"2002";"2006";"450_510";NA;"experimental";NA;"control-impact";"field";NA;"exclosure";NA;"none";NA;"from 10x10 km to 100x100 km";"up to  1x1 m (including 1x1 m)";"up to  1x1 m (including 1x1 m)";"5";"twice, interval longer than one year";"not redundant";"population/species";NA;"population/species";NA;"Carex_spp., Salix_spp., Eriophorum_angustifolium, Salix_lapponum";"not reported";"not reported";NA;"several";"cover, diversity, morphological measure";"Rangifer_tarandus";"other vertebrates";NA;"summer";NA;"several";"removal of plant parts, trampling";"semi-domesticated";NA;"not reported";NA;"managed herbivore";"historical and current";"not reported";NA;NA;"not reported";"not reported";"not reported";"not reported";NA;NA;NA;NA;NA;NA;NA;NA;"not reported";NA;NA;NA;NA;"wetland";NA;"not reported";NA;NA;"not reported";"not reported";"not reported";"Short-term grazing effects by exclosure  on the Finnish side of border where summer grazing typically happens. Study was reported before as 7 evidence points based on response variables (4 for the long-term fence comparison, 3 for the short term exclosure comparison) --> recoded to 2 evidence points. Measured response: cover, diversity, morphological measure (height)";"Amanda Koltz";"Isabel C Barrio";948812,78020286;-2155632,29258369;TRUE
"1472";"Uleberg, Sturite, Henriksen, Junttila, Jorgensen";"Effects of defoliation on carbohydrate status, nodules and spring growth in white clover in a sub-arctic climate";"Acta Agriculturae Scandinavica Section B - Soil and Plant Science";2009;"english";NA;"1472_a";"Norway";NA;"Tromsø";69,666667;18,933333;"2001";"2003";"not reported";NA;"experimental";NA;"control-impact";"field";NA;"simulated herbivory";NA;"none";NA;"not reported";"up to  1x1 m (including 1x1 m)";"up to  1x1 m (including 1x1 m)";"1";"regular with intervals shorter than a year";"not redundant";"individual";NA;"individual";NA;"Trifolium_repens";"harvested";"other";"cultivated";"several";"biomass, physiological response";"not reported";"unknown";NA;"not reported";NA;"removal of plant parts";NA;"other";"not relevant";"not relevant";NA;"managed plant";"not reported";"not relevant";NA;NA;"not reported";"not reported";"not reported";"not reported";NA;NA;NA;NA;NA;NA;NA;NA;"not reported";NA;NA;NA;NA;"not relevant";NA;"not reported";NA;NA;"not reported";"not reported";"not reported";"effects of defoliation on an agronomic plant species; experiments conducted in the field. two experiments, one in 2001-2002 and another in 2002-2003 testing different genotypes, but experimental design was essentially the same. Simulated herbivory: clipping (3 levels: total defoliation, intense defoliation, lenient defoliation and control). Measured_response: biomass and physiological response (carbohydrate content and presence of nodules)";"Isabel C Barrio";"Isabel C Barrio";732740,125468202;-2136102,79327961;TRUE
"1700...168";"Lindgren, Klint, Moen";"Defense mechanisms against grazing: a study of trypsin inhibitor responses to simulated grazing in the sedge Carex bigelowii";"Oikos";2007;"english";NA;"1700_a";"Sweden";NA;"Björkfjället";66,032023;16,547266;"2003";"2003";"800_1100";NA;"experimental";NA;"control-impact";"field";NA;"simulated herbivory";NA;"none";NA;"not reported";"up to  1x1 m (including 1x1 m)";"up to  1x1 m (including 1x1 m)";"1";"regular with intervals shorter than a year";"not redundant";"individual";NA;"population/species";NA;"Carex_bigelowii";"not reported";"not reported";NA;"physiological response";NA;"not reported";"unknown";NA;"not reported";NA;"removal of plant parts";NA;"not relevant";NA;"not relevant";NA;"not reported";"not reported";"not reported";NA;NA;"not reported";"not reported";"not reported";"not reported";NA;NA;NA;NA;NA;NA;NA;NA;"low_productivity_sites";NA;NA;NA;NA;"Empetrum_heath";NA;"not reported";NA;NA;"mentioned";"not reported";"not reported";"one site, but three evindence points (different habitats where the experiment was conducted, each habitat is reported separately). Simulated herbivory by clipping at different intensities. Productivity: low (250-400 g/m2/yr)";"Isabel C Barrio";"Isabel C Barrio";756474,716731424;-2546100,96197998;TRUE
"1700...169";"Lindgren, Klint, Moen";"Defense mechanisms against grazing: a study of trypsin inhibitor responses to simulated grazing in the sedge Carex bigelowii";"Oikos";2007;"english";NA;"1700_b";"Sweden";NA;"Björkfjället";66,032023;16,547266;"2003";"2003";"800_1100";NA;"experimental";NA;"control-impact";"field";NA;"simulated herbivory";NA;"none";NA;"not reported";"up to  1x1 m (including 1x1 m)";"up to  1x1 m (including 1x1 m)";"1";"regular with intervals shorter than a year";"not redundant";"individual";NA;"population/species";NA;"Carex_bigelowii";"not reported";"not reported";NA;"physiological response";NA;"not reported";"unknown";NA;"not reported";NA;"removal of plant parts";NA;"not relevant";NA;"not relevant";NA;"not reported";"not reported";"not reported";NA;NA;"not reported";"not reported";"not reported";"not reported";NA;NA;NA;NA;NA;NA;NA;NA;"intermediate_productivity_sites";NA;NA;NA;NA;"grass_heath";NA;"not reported";NA;NA;"mentioned";"not reported";"not reported";"one site, but three evindence points (different habitats where the experiment was conducted, each habitat is reported separately). Simulated herbivory by clipping at different intensities. Productivity: medium (500-600 g/m2/yr)";"Isabel C Barrio";"Isabel C Barrio";756474,716731424;-2546100,96197998;TRUE
"1700...170";"Lindgren, Klint, Moen";"Defense mechanisms against grazing: a study of trypsin inhibitor responses to simulated grazing in the sedge Carex bigelowii";"Oikos";2007;"english";NA;"1700_c";"Sweden";NA;"Björkfjället";66,032023;16,547266;"2003";"2003";"800_1100";NA;"experimental";NA;"control-impact";"field";NA;"simulated herbivory";NA;"none";NA;"not reported";"up to  1x1 m (including 1x1 m)";"up to  1x1 m (including 1x1 m)";"1";"regular with intervals shorter than a year";"not redundant";"individual";NA;"population/species";NA;"Carex_bigelowii";"not reported";"not reported";NA;"physiological response";NA;"not reported";"unknown";NA;"not reported";NA;"removal of plant parts";NA;"not relevant";NA;"not relevant";NA;"not reported";"not reported";"not reported";NA;NA;"not reported";"not reported";"not reported";"not reported";NA;NA;NA;NA;NA;NA;NA;NA;"high_productivity_sites";NA;NA;NA;NA;"marsh";NA;"not reported";NA;NA;"mentioned";"not reported";"not reported";"one site, but three evindence points (different habitats where the experiment was conducted, each habitat is reported separately). Simulated herbivory by clipping at different intensities. Productivity: high (800-900 g/m2/yr)";"Isabel C Barrio";"Isabel C Barrio";756474,716731424;-2546100,96197998;TRUE
"1721...173";"Stark, Julkunen-Tiitto, Kumpula";"Ecological role of reindeer summer browsing in the mountain birch (Betula pubescens ssp czerepanovii) forests: effects on plant defense, litter decomposition, and soil nutrient cycling";"Oecologia";2007;"english";NA;"1721_c";"Finland";NA;"Sallivaara";68,583574;25,437271;"2002";"2002";"not reported";NA;"quasi-experimental";NA;"control-impact";"field";NA;"spatial contrast/gradient";NA;"none";NA;"from 10x10 km to 100x100 km";"not relevant";"not relevant";"1";"regular with intervals shorter than a year";"not redundant";"individual";NA;"population/species";NA;"Betula_pubescens";"not reported";"not reported";NA;"physiological response";NA;"Rangifer_tarandus";"other vertebrates";NA;"several";"summer, winter";"several";"removal of plant parts, disturbance";"semi-domesticated";NA;"no concern";NA;"not reported";"not reported";"not reported";NA;NA;"not reported";"not reported";"not reported";"not reported";NA;NA;NA;NA;NA;NA;NA;NA;"not reported";NA;NA;NA;NA;"mountain_birch_forest";NA;"not reported";NA;NA;"not reported";"not reported";"not reported";"study conducted in mountain birch forests! But they say that in summer ranges forests are open, resembling savannah, so I keep in :) compared winter and summer ranges, at three sites with different reindeer densities";"Isabel C Barrio";"Isabel C Barrio";1021020,06012601;-2146658,25505686;TRUE
"1811";"O, Kotanen, Abraham";"Geese and grazing lawns: responses of the grass Festuca rubra to defoliation in a subarctic coastal marsh";"Canadian Journal of Botany";2006;"english";NA;"1811_a";"Canada";NA;"Akimiski Island";53,19388889;-81,44388889;"2001";"2002";"not reported";NA;"experimental";NA;"control-impact";"field";NA;"simulated herbivory";NA;"other";"grazing_history";"not reported";"from  1x1 m to 10x10 m (including 10x10m)";"from  1x1 m to 10x10 m (including 10x10m)";"2";"regular with intervals shorter than a year";"not redundant";"population/species";NA;"population/species";NA;"Festuca_rubra";"not reported";"not reported";NA;"several";"biomass, morphological measure";"Chen_caerulescens_caerulescens, Branta_canadensis_interior";"waterfowl";NA;"summer";NA;"removal of plant parts";NA;"non-managed";NA;"no concern";NA;"not reported";"not reported";"not reported";NA;NA;"not reported";"not reported";"not reported";"not reported";NA;NA;NA;NA;NA;NA;NA;NA;"not reported";NA;NA;NA;NA;"Festuca_patch";NA;"not reported";NA;NA;"not reported";"not reported";"not reported";"additional treatments: grazing history (2 types of festuca patches, tall and short, short patches are interpreted as grazing lawns that have received strong grazing pressure)";"Isabel C Barrio";"Isabel C Barrio";-3990726,38330234;-600414,145118112;TRUE
"2960...176";"Henry, Gunn";"Recovery Of Tundra Vegetation After Overgrazing By Caribou In Arctic Canada";"Arctic";1991;"english";NA;"2960_a";"Canada";NA;"Rideout Island";67,273173;-107,654164;"1988";"1988";"not reported";NA;"quasi-experimental";NA;"control-impact";"field";NA;"spatial contrast/gradient";NA;"none";NA;"from 1x1 km to 10x10 km";"up to  1x1 m (including 1x1 m)";"up to  1x1 m (including 1x1 m)";"1";"once";"not redundant";"population/species";NA;"population/species";NA;"Long species list. See Table 1";"not reported";"not reported";NA;"cover";NA;"Rangifer_tarandus";"other vertebrates";NA;"summer";NA;"not reported";NA;"non-managed";NA;"no concern";NA;"not reported";"not reported";"not reported";NA;NA;"not reported";"not reported";"not reported";"not reported";NA;NA;NA;NA;NA;NA;NA;NA;"not reported";NA;NA;NA;NA;"low_shrub_tundra";NA;"not reported";NA;NA;"not reported";"not reported";"not reported";"2 habitats reported separately --> 2 evidence points. Reindeer got trapped on the island one summer, and died out in winter. Grazing (more intense on the island) is compared to the mainland (migratory caribou). Spatial contrast: island vs mainland, different grazing pressure";"Isabel C Barrio";"Isabel C Barrio";-2401849,44595316;764411,320975282;TRUE
"2960...177";"Henry, Gunn";"Recovery Of Tundra Vegetation After Overgrazing By Caribou In Arctic Canada";"Arctic";1991;"english";NA;"2960_b";"Canada";NA;"Rideout Island";67,273173;-107,654164;"1988";"1988";"not reported";NA;"quasi-experimental";NA;"control-impact";"field";NA;"spatial contrast/gradient";NA;"none";NA;"from 1x1 km to 10x10 km";"up to  1x1 m (including 1x1 m)";"up to  1x1 m (including 1x1 m)";"1";"once";"not redundant";"population/species";NA;"population/species";NA;"Long species list. See Table 2";"not reported";"not reported";NA;"cover";NA;"Rangifer_tarandus";"other vertebrates";NA;"summer";NA;"not reported";NA;"non-managed";NA;"no concern";NA;"not reported";"not reported";"not reported";NA;NA;"not reported";"not reported";"not reported";"not reported";NA;NA;NA;NA;NA;NA;NA;NA;"not reported";NA;NA;NA;NA;"tussock_tundra";NA;"not reported";NA;NA;"not reported";"not reported";"not reported";"2 habitats reported separately --> 2 evidence points. Reindeer got trapped on the island one summer, and died out in winter. Grazing (more intense on the island) is compared to the mainland (migratory caribou). Spatial contrast: island vs mainland, different grazing pressure";"Isabel C Barrio";"Isabel C Barrio";-2401849,44595316;764411,320975282;TRUE
"3213...35";"Lindgren";"Effects of herbivory on arctic and alpine vegetation";"PhD thesis";2007;"english";NA;"3213_a";"Sweden";NA;"Ammarnäs";65,950859;16,204503;"1999";"2003";"800_1100";NA;"experimental";NA;"control-impact";"field";NA;"exclosure";NA;"none";NA;"not reported";"up to  1x1 m (including 1x1 m)";"from 10x10 m to 100x100 m (including 100x100 m)";"5";"once";"not redundant";"population/species";NA;"community";NA;"vascular_plants, mosses, liverworts, lichens";"not reported";"not reported";NA;"several";"biomass, morphological measure, physiological response";"Rangifer_tarandus, Chlethrionomys_glareolus, Clethrionomys_rufocanus, Lemmus_lemmus, Microtus_agrestis, Myopus_schisticolor, invertebrate_herbivores";"several";"other vertebrates, small rodents and pikas, defoliating invertebrates";"several";"summer, not reported";"not reported";NA;"non-managed";NA;"no concern";NA;"not reported";"not reported";"not reported";NA;NA;"not reported";"not reported";"not reported";"not reported";NA;NA;NA;NA;NA;NA;NA;NA;"not reported";NA;NA;NA;NA;"alpine_heath";NA;"not reported";NA;NA;"quantified in the study";"not reported";"not reported";"chapter 2 (unpublished). Habitat: heath dominated by mosses, lichens, dwarf shrubs, grasses and sedges. Response variables: biomass, morphological measure (vegetation height, SLA), physiological response (N content)";"Isabel C Barrio";"Eeva Soininen, Isabel C Barrio";743700,070352044;-2559081,71075075;TRUE
"3221";"Rousi, Haggman";"Short note: relationship between the total phenol content of Scots pines and browsing by the arctic hare";"Silvae Genetica";1984;"english";NA;"3221_a";"Finland";NA;"Teuravuoma";67,25;23,075;"1983";"1983";"not reported";NA;"quasi-experimental";NA;"control-impact";"other";"common garden experiment with trees from two origins, exposed or not to hare browsing";"other";"trees browsed or not by hares in the previous winter";"other";"origin of plants (2 sites in N Finland)";"not reported";"up to  1x1 m (including 1x1 m)";"up to  1x1 m (including 1x1 m)";"1";"once";"not redundant";"individual";NA;"individual";NA;"Pinus_sylvestris";"not reported";"not reported";NA;"physiological response";"phenolic content";"Lepus_arcticus";"other vertebrates";NA;"winter";NA;"removal of plant parts";NA;"non-managed";NA;"no concern";NA;"not reported";"not reported";"not reported";NA;NA;"not reported";"not reported";"not reported";"not reported";NA;NA;NA;NA;NA;NA;NA;NA;"not reported";NA;NA;NA;NA;"not reported";NA;"not reported";NA;NA;"not reported";"not reported";"not reported";"the document is a short note that refers to a larger study (Rousi 1983, ID3140) included in our search. Here they report only on the phenolic contents";"Isabel C Barrio";"Eeva Soininen";988889,224981462;-2321224,36251786;TRUE
"3359...52";"Beck, Elverland, Støvern";"Local environmental and grazing gradients outweigh macroclimatic factors in controlling carbon and nitrogen levels in arctic plants";"UNIS Publication Series";2006;"english";NA;"3359_e";"Svalbard/Jan Mayen";NA;"Florabukta";80,030278;18,6925;"not reported";"not reported";"not reported";NA;"observational";NA;"not relevant";"field";NA;"spatial contrast/gradient";NA;"not relevant";NA;"1x1 km or less";"up to  1x1 m (including 1x1 m)";"larger than 1000x1000 m";"1";"once";"not redundant";"individual";NA;"population/species";NA;"Salix_polaris, Dryas_octopetala, Saxifraga_oppositifolia, Luzula_confusa";"not reported";"not reported";NA;"physiological response";"leaf tissue C/N";"Rangifer_tarandus, geese";"several";"other vertebrates, waterfowl";"not reported";NA;"several";"removal of plant parts, fertilizing, disturbance, inducing the production of secondary compounds";"not reported";NA;"not reported";NA;"not reported";"not reported";"not reported";NA;NA;"2.5_4";"July_mean_range";"not reported";"not reported";NA;NA;NA;NA;NA;NA;NA;NA;"not reported";NA;NA;NA;NA;"zonal_habitat, ridge_habitat";NA;"not reported";NA;NA;"not reported";"not reported";"not reported";"They appear to have quite a few errors in their lat/long coordinates for different sites, but my best guess from what I can see is that all of their plots within a site are within a 1 km x 1 km area. Original habitat: northern arctic tundra";"Kelly Hopping";"Eeva Soininen";356396,916921121;-1053383,35754339;TRUE
"3415...66";"Palmer, Rouse";"Study of the Alaska tundra with reference to its reaction to reindeer and other grazing";"Research Report";1945;"english";NA;"3415_f";"Alaska";NA;"Unalakleet";63,890664;-160,758337;"1927";"not reported";"not reported";NA;"experimental";NA;"control-impact";"field";NA;"simulated herbivory";"clipping within a fenced area";"none";NA;"1x1 km or less";"up to  1x1 m (including 1x1 m)";"not relevant";"not reported";"once";"not redundant";"individual";NA;"population/species";NA;"grasses, grasslike_plants, forbs, shrubs, mosses, lichens, species list available (pages 4-7)";"not reported";"not reported";NA;"several";"population density, diversity";"Rangifer_tarandus";"other vertebrates";"the study uses clipping and removing vegetation (but they look at potential effects on vegetation of reindeer and to a lesser extent muskoxen)";"not reported";NA;"several";"removal of plant parts, disturbance";"not reported";NA;"not relevant";NA;"not reported";"not reported";"not reported";NA;NA;"not reported";"not reported";"not reported";"not reported";NA;NA;NA;NA;NA;NA;NA;NA;"not reported";NA;NA;NA;NA;"coast_sandspit_grass-weed_tundra";NA;"fire";NA;NA;"not reported";"not reported";"not reported";"similar experimental manipulations at different sites  (sometimes several habitats at each site) --> separate evidence points. Original habitat list: different types of tundra vegetation: beach-transition type, sand-dune type, coast-sandspit grass-weed type, coast sandspit lichen-browse type, tundra-lichen type, wet-tundra sedge type, grass-browse type, woodland-moss type, alpine dryas type, overgrazed-tundra browse lichen type, overgrazed-tundra sedge-weed type and overgrazed browse-grass type. Measured response: population density, diversity (presence of species)";"Isabel C Barrio";"Eeva Soininen";-952135,344182353;2727772,03385852;TRUE
"3415...67";"Palmer, Rouse";"Study of the Alaska tundra with reference to its reaction to reindeer and other grazing";"Research Report";1945;"english";NA;"3415_g";"Alaska";NA;"Unalakleet";63,890664;-160,758337;"1927";"not reported";"not reported";NA;"experimental";NA;"control-impact";"field";NA;"simulated herbivory";"clipping within a fenced area";"none";NA;"1x1 km or less";"up to  1x1 m (including 1x1 m)";"not relevant";"not reported";"once";"not redundant";"individual";NA;"population/species";NA;"grasses, grasslike_plants, forbs, shrubs, mosses, lichens, species list available (pages 4-7)";"not reported";"not reported";NA;"several";"population density, diversity";"Rangifer_tarandus";"other vertebrates";"the study uses clipping and removing vegetation (but they look at potential effects on vegetation of reindeer and to a lesser extent muskoxen)";"not reported";NA;"several";"removal of plant parts, disturbance";"not reported";NA;"not relevant";NA;"not reported";"not reported";"not reported";NA;NA;"not reported";"not reported";"not reported";"not reported";NA;NA;NA;NA;NA;NA;NA;NA;"not reported";NA;NA;NA;NA;"coast_sandspit_lichen-browse_tundra";NA;"fire";NA;NA;"not reported";"not reported";"not reported";"similar experimental manipulations at different sites  (sometimes several habitats at each site) --> separate evidence points. Original habitat list: different types of tundra vegetation: beach-transition type, sand-dune type, coast-sandspit grass-weed type, coast sandspit lichen-browse type, tundra-lichen type, wet-tundra sedge type, grass-browse type, woodland-moss type, alpine dryas type, overgrazed-tundra browse lichen type, overgrazed-tundra sedge-weed type and overgrazed browse-grass type. Measured response: population density, diversity (presence of species)";"Isabel C Barrio";"Eeva Soininen";-952135,344182353;2727772,03385852;TRUE
"3415...68";"Palmer, Rouse";"Study of the Alaska tundra with reference to its reaction to reindeer and other grazing";"Research Report";1945;"english";NA;"3415_h";"Alaska";NA;"Unalakleet";63,890664;-160,758337;"1927";"not reported";"not reported";NA;"experimental";NA;"control-impact";"field";NA;"simulated herbivory";"clipping within a fenced area";"none";NA;"1x1 km or less";"up to  1x1 m (including 1x1 m)";"not relevant";"not reported";"once";"not redundant";"individual";NA;"population/species";NA;"grasses, grasslike_plants, forbs, shrubs, mosses, lichens, species list available (pages 4-7)";"not reported";"not reported";NA;"several";"population density, diversity";"Rangifer_tarandus";"other vertebrates";"the study uses clipping and removing vegetation (but they look at potential effects on vegetation of reindeer and to a lesser extent muskoxen)";"not reported";NA;"several";"removal of plant parts, disturbance";"not reported";NA;"not relevant";NA;"not reported";"not reported";"not reported";NA;NA;"not reported";"not reported";"not reported";"not reported";NA;NA;NA;NA;NA;NA;NA;NA;"not reported";NA;NA;NA;NA;"lichen_tundra";NA;"fire";NA;NA;"not reported";"not reported";"not reported";"similar experimental manipulations at different sites  (sometimes several habitats at each site) --> separate evidence points. Original habitat list: different types of tundra vegetation: beach-transition type, sand-dune type, coast-sandspit grass-weed type, coast sandspit lichen-browse type, tundra-lichen type, wet-tundra sedge type, grass-browse type, woodland-moss type, alpine dryas type, overgrazed-tundra browse lichen type, overgrazed-tundra sedge-weed type and overgrazed browse-grass type. Measured response: population density, diversity (presence of species)";"Isabel C Barrio";"Eeva Soininen";-952135,344182353;2727772,03385852;TRUE
"3415...69";"Palmer, Rouse";"Study of the Alaska tundra with reference to its reaction to reindeer and other grazing";"Research Report";1945;"english";NA;"3415_i";"Alaska";NA;"Unalakleet";63,890664;-160,758337;"1927";"not reported";"not reported";NA;"experimental";NA;"control-impact";"field";NA;"simulated herbivory";"clipping within a fenced area";"none";NA;"1x1 km or less";"up to  1x1 m (including 1x1 m)";"not relevant";"not reported";"once";"not redundant";"individual";NA;"population/species";NA;"grasses, grasslike_plants, forbs, shrubs, mosses, lichens, species list available (pages 4-7)";"not reported";"not reported";NA;"several";"population density, diversity";"Rangifer_tarandus";"other vertebrates";"the study uses clipping and removing vegetation (but they look at potential effects on vegetation of reindeer and to a lesser extent muskoxen)";"not reported";NA;"several";"removal of plant parts, disturbance";"not reported";NA;"not relevant";NA;"not reported";"not reported";"not reported";NA;NA;"not reported";"not reported";"not reported";"not reported";NA;NA;NA;NA;NA;NA;NA;NA;"not reported";NA;NA;NA;NA;"wet_sedge_tundra";NA;"fire";NA;NA;"not reported";"not reported";"not reported";"similar experimental manipulations at different sites  (sometimes several habitats at each site) --> separate evidence points. Original habitat list: different types of tundra vegetation: beach-transition type, sand-dune type, coast-sandspit grass-weed type, coast sandspit lichen-browse type, tundra-lichen type, wet-tundra sedge type, grass-browse type, woodland-moss type, alpine dryas type, overgrazed-tundra browse lichen type, overgrazed-tundra sedge-weed type and overgrazed browse-grass type. Measured response: population density, diversity (presence of species)";"Isabel C Barrio";"Eeva Soininen";-952135,344182353;2727772,03385852;TRUE
"3415...70";"Palmer, Rouse";"Study of the Alaska tundra with reference to its reaction to reindeer and other grazing";"Research Report";1945;"english";NA;"3415_j";"Alaska";NA;"Unalakleet";63,890664;-160,758337;"1927";"not reported";"not reported";NA;"experimental";NA;"control-impact";"field";NA;"simulated herbivory";"clipping within a fenced area";"none";NA;"1x1 km or less";"up to  1x1 m (including 1x1 m)";"not relevant";"not reported";"once";"not redundant";"individual";NA;"population/species";NA;"grasses, grasslike_plants, forbs, shrubs, mosses, lichens, species list available (pages 4-7)";"not reported";"not reported";NA;"several";"population density, diversity";"Rangifer_tarandus";"other vertebrates";"the study uses clipping and removing vegetation (but they look at potential effects on vegetation of reindeer and to a lesser extent muskoxen)";"not reported";NA;"several";"removal of plant parts, disturbance";"not reported";NA;"not relevant";NA;"not reported";"not reported";"not reported";NA;NA;"not reported";"not reported";"not reported";"not reported";NA;NA;NA;NA;NA;NA;NA;NA;"not reported";NA;NA;NA;NA;"woodland_moss_tundra";NA;"fire";NA;NA;"not reported";"not reported";"not reported";"similar experimental manipulations at different sites  (sometimes several habitats at each site) --> separate evidence points. Original habitat list: different types of tundra vegetation: beach-transition type, sand-dune type, coast-sandspit grass-weed type, coast sandspit lichen-browse type, tundra-lichen type, wet-tundra sedge type, grass-browse type, woodland-moss type, alpine dryas type, overgrazed-tundra browse lichen type, overgrazed-tundra sedge-weed type and overgrazed browse-grass type. Measured response: population density, diversity (presence of species)";"Isabel C Barrio";"Eeva Soininen";-952135,344182353;2727772,03385852;TRUE
"3415...71";"Palmer, Rouse";"Study of the Alaska tundra with reference to its reaction to reindeer and other grazing";"Research Report";1945;"english";NA;"3415_k";"Alaska";NA;"Egavik";64,0429;-160,925441;"1927";"not reported";"not reported";NA;"experimental";NA;"control-impact";"field";NA;"simulated herbivory";"clipping within a fenced area";"none";NA;"1x1 km or less";"up to  1x1 m (including 1x1 m)";"not relevant";"not reported";"once";"not redundant";"individual";NA;"population/species";NA;"grasses, grasslike_plants, forbs, shrubs, mosses, lichens, species list available (pages 4-7)";"not reported";"not reported";NA;"several";"population density, diversity";"Rangifer_tarandus";"other vertebrates";"the study uses clipping and removing vegetation (but they look at potential effects on vegetation of reindeer and to a lesser extent muskoxen)";"not reported";NA;"several";"removal of plant parts, disturbance";"not reported";NA;"not relevant";NA;"not reported";"not reported";"not reported";NA;NA;"not reported";"not reported";"not reported";"not reported";NA;NA;NA;NA;NA;NA;NA;NA;"not reported";NA;NA;NA;NA;"coast_tundra_sedge-browse_tundra";NA;"fire";NA;NA;"not reported";"not reported";"not reported";"similar experimental manipulations at different sites  (sometimes several habitats at each site) --> separate evidence points. Original habitat list: different types of tundra vegetation: beach-transition type, sand-dune type, coast-sandspit grass-weed type, coast sandspit lichen-browse type, tundra-lichen type, wet-tundra sedge type, grass-browse type, woodland-moss type, alpine dryas type, overgrazed-tundra browse lichen type, overgrazed-tundra sedge-weed type and overgrazed browse-grass type. Measured response: population density, diversity (presence of species)";"Isabel C Barrio";"Eeva Soininen";-938772,13814548;2714910,30056171;TRUE
"3415...72";"Palmer, Rouse";"Study of the Alaska tundra with reference to its reaction to reindeer and other grazing";"Research Report";1945;"english";NA;"3415_l";"Alaska";NA;"Egavik";64,0429;-160,925441;"1927";"not reported";"not reported";NA;"experimental";NA;"control-impact";"field";NA;"simulated herbivory";"clipping within a fenced area";"none";NA;"1x1 km or less";"up to  1x1 m (including 1x1 m)";"not relevant";"not reported";"once";"not redundant";"individual";NA;"population/species";NA;"grasses, grasslike_plants, forbs, shrubs, mosses, lichens, species list available (pages 4-7)";"not reported";"not reported";NA;"several";"population density, diversity";"Rangifer_tarandus";"other vertebrates";"the study uses clipping and removing vegetation (but they look at potential effects on vegetation of reindeer and to a lesser extent muskoxen)";"not reported";NA;"several";"removal of plant parts, disturbance";"not reported";NA;"not relevant";NA;"not reported";"not reported";"not reported";NA;NA;"not reported";"not reported";"not reported";"not reported";NA;NA;NA;NA;NA;NA;NA;NA;"not reported";NA;NA;NA;NA;"alpine_Dryas_tundra";NA;"fire";NA;NA;"not reported";"not reported";"not reported";"similar experimental manipulations at different sites  (sometimes several habitats at each site) --> separate evidence points. Original habitat list: different types of tundra vegetation: beach-transition type, sand-dune type, coast-sandspit grass-weed type, coast sandspit lichen-browse type, tundra-lichen type, wet-tundra sedge type, grass-browse type, woodland-moss type, alpine dryas type, overgrazed-tundra browse lichen type, overgrazed-tundra sedge-weed type and overgrazed browse-grass type. Measured response: population density, diversity (presence of species)";"Isabel C Barrio";"Eeva Soininen";-938772,13814548;2714910,30056171;TRUE
"3425...94";"Kumpula, Norberg, Nieminen";"Kesälaidunnuksen vaikutukset poron ravintokasveihin: kesälaitumet ja porojen
kunto";"Kala- ja riistaraportteja";2004;"other";"finnish";"3425_u";"Finland";NA;"Sallivaara";68,56;25,67;"2003";"2003";"not reported";NA;"quasi-experimental";NA;"control-impact";"field";NA;"fence";NA;"none";NA;"from 1x1 km to 10x10 km";"up to  1x1 m (including 1x1 m)";"from  1x1 m to 10x10 m (including 10x10m)";"1";"once";"not redundant";"population/species";NA;"several";"species, groups of species";"Vaccinium_uliginosum, Calluna_vulgaris, Lycopodiaceae, Rhododendron_palustre, Luzula_pilosa, Solidago_virgaurea, Mylampyrum_sp., Equisetm_sylvaticum, Arctostaphylos_alpina, Andromeda_polifolia, Avenella_flexuosa, Vaccinium_myrtillus, herbaceous_plants, Salix_sp., Vaccinium_vitis-idaea, Carex_sp., Betula_nana, Empetrum_nigrum, shrubs, grasses, mosses, lichens, Cladonia_sp., Pleurozium_schreberi, Hylocomnium_splendens, Dicranum_sp., Polytrichum_sp.";"managed grazing";"not reported";NA;"several";"cover, biomass, morphological measure";"Rangifer_tarandus";"other vertebrates";NA;"several";"summer, winter";"several";"removal of plant parts, fertilizing, disturbance";"semi-domesticated";NA;"no concern";NA;"managed herbivore";"historical and current";"common habitat";NA;NA;"not reported";"not reported";"not reported";"not reported";NA;NA;NA;NA;NA;NA;NA;NA;"not reported";NA;NA;NA;NA;"heath";NA;"not reported";NA;NA;"not reported";"not reported";"not reported";"Approximate coordinates estmated in the middle of the reindeer herding district from which the data was collected. Here we have excluded districts that (based on appendix 1 of study ID 3427 and images on google earth) contain mainly boreal forest, rather than tundra and ecotone forest. Coordinates are estimated in the middle of the district.";"Maria Tuomi";"Eeva Soininen";1030850,32244825;-2144821,98705847;TRUE
"3427...101";"Kumpula, Tanskanen, Colpaert, Anttonen, Törmänen, Siitari, Siitari";"Poronhoitoalueen pohjoisosan talvilaitumet vuosina 2005–2008 - Laidunten tilan muutokset 1990-luvun puolivälin jälkeen";"Riista- ja kalatalous - Tutkimuksia";2009;"other";"finnish";"3427_i";"Finland";NA;"Sallivaara";68,6;25,6;"2005";"2008";"not reported";NA;"quasi-experimental";NA;"control-impact";"field";NA;"fence";NA;"none";NA;"from 100x100 km to 1000x1000 km";"up to  1x1 m (including 1x1 m)";"from  1x1 m to 10x10 m (including 10x10m)";"1";"once";"not redundant";"population/species";NA;"several";"species, groups of species";"Vaccinium_myrtillus, Vaccinium_vitis-idaea, Empetrum_nigrum, Calluna_vulgaris, Avenella_flexuosa, Cladonia_spp, Cladina_spp,  Stereocaulon_spp, Flavocetraria_spp, Poaceae, herbaceous_plants, mosses";"managed grazing";"no concern";NA;"several";"cover, biomass, morphological measure";"Rangifer_tarandus";"other vertebrates";NA;"several";"summer, winter";"several";"removal of plant parts, disturbance";"semi-domesticated";NA;"no concern";NA;"managed herbivore";"historical and current";"common habitat";NA;NA;"not reported";"not reported";"not reported";"not reported";NA;NA;NA;NA;NA;NA;NA;NA;"low_productivity_sites";NA;NA;NA;NA;"heath";NA;"several";"forestry, human infrastructure";NA;"not reported";"not reported";"not reported";"The study aggregates data per reindeer herding district. Here we have excluded districts that (based on appendix 1 and images on google earth) contain mainly boreal forest, rather than tundra and ecotone forest. Coordinates are estimated in the middle of the district.";"Maria Tuomi";"Eeva Soininen";1026334,87657694;-2142126,13410038;TRUE
"3427...103";"Kumpula, Tanskanen, Colpaert, Anttonen, Törmänen, Siitari, Siitari";"Poronhoitoalueen pohjoisosan talvilaitumet vuosina 2005–2008 - Laidunten tilan muutokset 1990-luvun puolivälin jälkeen";"Riista- ja kalatalous - Tutkimuksia";2009;"other";"finnish";"3427_k";"Finland";NA;"Näkkälä";68,45;23,96;"2005";"2008";"not reported";NA;"quasi-experimental";NA;"control-impact";"field";NA;"fence";NA;"none";NA;"from 100x100 km to 1000x1000 km";"up to  1x1 m (including 1x1 m)";"from  1x1 m to 10x10 m (including 10x10m)";"1";"once";"not redundant";"population/species";NA;"several";"species, groups of species";"Vaccinium_myrtillus, Vaccinium_vitis-idaea, Empetrum_nigrum, Calluna_vulgaris, Avenella_flexuosa, Cladonia_spp, Cladina_spp,  Stereocaulon_spp, Flavocetraria_spp, Poaceae, herbaceous_plants, mosses";"managed grazing";"no concern";NA;"several";"cover, biomass, morphological measure";"Rangifer_tarandus";"other vertebrates";NA;"several";"summer, winter";"several";"removal of plant parts, disturbance";"semi-domesticated";NA;"no concern";NA;"managed herbivore";"historical and current";"common habitat";NA;NA;"not reported";"not reported";"not reported";"not reported";NA;NA;NA;NA;NA;NA;NA;NA;"low_productivity_sites";NA;NA;NA;NA;"heath";NA;"several";"forestry, human infrastructure";NA;"not reported";"not reported";"not reported";"The study aggregates data per reindeer herding district. Here we have excluded districts that (based on appendix 1 and images on google earth) contain mainly boreal forest, rather than tundra and ecotone forest. Coordinates are estimated in the middle of the district.";"Maria Tuomi";"Eeva Soininen";971283,586598227;-2185643,89195853;TRUE
"3427...105";"Kumpula, Tanskanen, Colpaert, Anttonen, Törmänen, Siitari, Siitari";"Poronhoitoalueen pohjoisosan talvilaitumet vuosina 2005–2008 - Laidunten tilan muutokset 1990-luvun puolivälin jälkeen";"Riista- ja kalatalous - Tutkimuksia";2009;"other";"finnish";"3427_r";"Finland";NA;"Lappi";68,1;27,58;"2005";"2008";"not reported";NA;"quasi-experimental";NA;"control-impact";"field";NA;"fence";NA;"none";NA;"from 100x100 km to 1000x1000 km";"up to  1x1 m (including 1x1 m)";"from  1x1 m to 10x10 m (including 10x10m)";"1";"once";"not redundant";"population/species";NA;"several";"species, groups of species";"Vaccinium_myrtillus, Vaccinium_vitis-idaea, Empetrum_nigrum, Calluna_vulgaris, Avenella_flexuosa, Cladonia_spp, Cladina_spp,  Stereocaulon_spp, Flavocetraria_spp, Poaceae, herbaceous_plants, mosses";"managed grazing";"no concern";NA;"several";"cover, biomass, morphological measure";"Rangifer_tarandus";"other vertebrates";NA;"several";"summer, winter";"several";"removal of plant parts, disturbance";"semi-domesticated";NA;"no concern";NA;"managed herbivore";"historical and current";"common habitat";NA;NA;"not reported";"not reported";"not reported";"not reported";NA;NA;NA;NA;NA;NA;NA;NA;"low_productivity_sites";NA;NA;NA;NA;"heath";NA;"several";"forestry, human infrastructure";NA;"not reported";"not reported";"not reported";"The study aggregates data per reindeer herding district. Here we have excluded districts that (based on appendix 1 and images on google earth) contain mainly boreal forest, rather than tundra and ecotone forest. This district (Lappi) has large borreal forest areas, but also obvious large areas of tundra. It is therefore included here.";"Maria Tuomi";"Eeva Soininen";1125095,455478;-2153940,03514223;TRUE
"3428...107";"Helenius";"Porolaidunnuksen vaikutus pintakasvillisuuteen Pallastunturin alueella";"Metsäntutkimuslaitoksen tiedonantoja";1998;"other";"finnish";"3428_b";"Finland";NA;"Pallastunturi";68,02;24,13;"1983";"1997";"not available";NA;"observational";NA;"before-after";"field";NA;"not relevant";NA;"none";NA;"from 10x10 km to 100x100 km";"up to  1x1 m (including 1x1 m)";"from 10x10 m to 100x100 m (including 100x100 m)";"15";"twice, interval longer than one year";"not redundant";"population/species";NA;"several";"species, groups of species";"Festuca_ovina, Avenella_flexuosa, Betula_nana, Vaccinium_myrtillus, Empetrum_spp, Melampyrum_sylvaticum, Solidago_virgaurea, Vaccinium_uliginosum, Cladina/Cladonia_spp, other_lichen, other_shrubs, mosses, other_grasses, forbs";"managed grazing";"no concern";NA;"cover";NA;"Rangifer_tarandus";"other vertebrates";NA;"not reported";NA;"removal of plant parts";NA;"semi-domesticated";NA;"no concern";NA;"managed herbivore";"historical and current";"common habitat";NA;NA;"not reported";"not reported";"not reported";"not reported";NA;NA;NA;NA;NA;NA;NA;NA;"not reported";NA;NA;NA;NA;"forest-tundra_ecotone";NA;"not reported";NA;NA;"not reported";"not reported";"not reported";"Two study sites, Lommoltunturi and Pallaskero, a few kilometers apart. Very little information, and the sites are therefore considered as one evidence point. Additional analyses were done at three sites, but place names are ambigious (several places with same name i Finland) and no coordinates are given. Those sites are therefore excluded here.";"Maria Tuomi";"Eeva Soininen";997018,885776497;-2225736,32876244;TRUE
"3569";"Tait";"Effects of climate change and herbivory on alpine plants in the southwest Yukon";"MSc thesis";2002;"english";NA;"3569_a";"Canada";NA;"Ruby Range";61,216667;-138,26666667;"2001";"2001";"1700_2000";NA;"experimental";NA;"control-impact";"field";NA;"exclosure";NA;"none";NA;"1x1 km or less";"up to  1x1 m (including 1x1 m)";"up to  1x1 m (including 1x1 m)";"1";"regular with intervals shorter than a year";"not redundant";"individual";NA;"population/species";NA;"Carex_consimilis, Dryas_octopetala";"not reported";"not reported";NA;"several";"other demographic measure, physiological response";"Ochotona_collaris";"small rodents and pikas";NA;"summer";NA;"removal of plant parts";NA;"non-managed";NA;"no concern";NA;"not reported";"not reported";"not reported";NA;NA;"not reported";"not reported";"not reported";"not reported";NA;NA;NA;NA;NA;NA;NA;NA;"not reported";NA;NA;NA;NA;"sub-arctic_alpine_tundra";NA;"not reported";NA;NA;"not reported";"not reported";"not reported";"chapter 3 of MSc thesis";"Isabel C Barrio";"Isabel C Barrio";-2115940,40740658;2372099,53349877;TRUE
"3580...152";"McKendrick";"Responses of Arctic tundra to intensive muskox grazing";"Agroborealis";1981;"english";NA;"3580_a";"Alaska";NA;"Unalakleet";63,893038;-160,777271;"1978";"1978";"45_180";NA;"quasi-experimental";NA;"control-impact";"field";NA;"exclosure";NA;"none";NA;"not reported";"not reported";"not reported";"1";"once";"not redundant";"groups of species";NA;"groups of species";NA;"green_sedges, dead_sedges, shrubs, forbs";"not reported";"not reported";NA;"biomass";NA;"Ovibos_moschatus";"other vertebrates";"muskox farm!!";"year-round";NA;"not reported";NA;"semi-domesticated";NA;"no concern";NA;"managed herbivore";"not reported";"not reported";NA;NA;"not reported";"not reported";"not reported";"not reported";NA;NA;NA;NA;NA;NA;NA;NA;"not reported";NA;NA;NA;NA;"tussock_tundra";NA;"not reported";NA;NA;"not reported";"not reported";"not reported";"muskox farm established in 1976. Interesting perspective on use of tundra rangelands!";"Isabel C Barrio";"Isabel C Barrio";-951148,990165012;2727843,09483027;TRUE
"3580...153";"McKendrick";"Responses of Arctic tundra to intensive muskox grazing";"Agroborealis";1981;"english";NA;"3580_b";"Alaska";NA;"Unalakleet";63,893038;-160,777271;"1978";"1978";"45_180";NA;"quasi-experimental";NA;"control-impact";"field";NA;"exclosure";NA;"none";NA;"not reported";"not reported";"not reported";"1";"once";"not redundant";"groups of species";NA;"groups of species";NA;"green_sedges, dead_sedges, shrubs, forbs";"not reported";"not reported";NA;"biomass";NA;"Ovibos_moschatus";"other vertebrates";"muskox farm!!";"year-round";NA;"not reported";NA;"semi-domesticated";NA;"no concern";NA;"managed herbivore";"not reported";"not reported";NA;NA;"not reported";"not reported";"not reported";"not reported";NA;NA;NA;NA;NA;NA;NA;NA;"not reported";NA;NA;NA;NA;"mat_and_cushion_tundra";NA;"not reported";NA;NA;"not reported";"not reported";"not reported";"muskox farm established in 1976. Interesting perspective on use of tundra rangelands!";"Isabel C Barrio";"Isabel C Barrio";-951148,990165012;2727843,09483027;TRUE
